{"Test/Acc": 0.7706666666666667, "epoch": 49, "_timestamp": 1680393773.667456, "_runtime": 3439.758838891983, "_step": 99, "Train/Loss": 0.04328231140971184, "_wandb": {"runtime": 3439}}