{"Test/Acc": 0.9028213166144201, "epoch": 14, "_timestamp": 1676406652.441428, "_runtime": 646.7915890216827, "_step": 29, "Train/Loss": 0.02366609498858452, "_wandb": {"runtime": 646}}