{"Test/Acc": 0.6818181818181818, "epoch": 0, "_timestamp": 1677659963.513259, "_runtime": 64.08172583580017, "_step": 1, "Train/Loss": 1.2831836938858032, "_wandb": {"runtime": 63}}