{"Test/Acc": 0.8557993730407524, "epoch": 14, "_timestamp": 1674161781.0602748, "_runtime": 1018.5801339149475, "_step": 29, "Train/Loss": 0.11983159929513931, "_wandb": {"runtime": 1018}}