{"Train/Acc": 0.10217426187419769, "round": 0, "_timestamp": 1670199988.4618566, "_runtime": 10329.879088640213, "_step": 3, "Train/Loss": 2.8629639774599185, "Test/Acc": 0.11127804487179487, "Test/Loss": 2.8459466802768216, "_wandb": {"runtime": 10329}}