{"Train/Acc": 0.10018500643500644, "round": 1, "_timestamp": 1672937948.8432379, "_runtime": 91312.77355194092, "_step": 7, "Train/Loss": 2.3368270160915614, "Test/Acc": 0.10006009615384616, "Test/Loss": 2.3369545279405055, "_wandb": {"runtime": 111844}}