{"Test/Acc": 0.7554858934169278, "epoch": 14, "_timestamp": 1674429966.713872, "_runtime": 368.4342339038849, "_step": 29, "Train/Loss": 0.07378838211297989, "_wandb": {"runtime": 367}}