{"Test/Acc": 0.5031347962382445, "epoch": 14, "_timestamp": 1674156776.3815522, "_runtime": 1059.7390122413635, "_step": 29, "Train/Loss": 0.9604400396347046, "_wandb": {"runtime": 1059}}