{"Test/Acc": 0.7293333333333333, "epoch": 14, "_timestamp": 1673352271.553062, "_runtime": 1153.1652100086212, "_step": 29, "Train/Loss": 0.11096211522817612, "_wandb": {"runtime": 1152}}