{"Test/Acc": 0.9028213166144201, "epoch": 14, "_timestamp": 1676411247.819155, "_runtime": 336.2809388637543, "_step": 29, "Train/Loss": 0.02366609498858452, "_wandb": {"runtime": 335}}