{"Train/Acc": 0.10004424066924067, "round": 0, "_timestamp": 1672921890.480086, "_runtime": 83265.3100039959, "_step": 3, "Train/Loss": 2.3380269191133163, "Test/Acc": 0.10016025641025642, "Test/Loss": 2.337939523733579, "_wandb": {"runtime": 119853}}