{"Test/Acc": 0.8746081504702194, "epoch": 120, "_timestamp": 1680685869.1513941, "_runtime": 2838.476072072983, "_step": 241, "Train/Loss": 0.04986196756362915, "_wandb": {"runtime": 2855}}