{"Test/Acc": 0.670846394984326, "epoch": 14, "_timestamp": 1674423864.377902, "_runtime": 390.2466630935669, "_step": 29, "Train/Loss": 0.08671928942203522, "_wandb": {"runtime": 389}}