{"Test/Acc": 0.744, "epoch": 19, "_timestamp": 1673439839.644338, "_runtime": 3219.811224937439, "_step": 39, "Train/Loss": 0.02669999748468399, "_wandb": {"runtime": 3219}}