{"Test/Acc": 0.877742946708464, "epoch": 99, "_timestamp": 1674205023.332254, "_runtime": 2061.537420988083, "_step": 199, "Train/Loss": 0.08152499049901962, "_wandb": {"runtime": 2060}}