{"Test/Acc": 0.8557993730407524, "epoch": 14, "_timestamp": 1674163235.461767, "_runtime": 1005.3830120563507, "_step": 29, "Train/Loss": 0.06224403530359268, "_wandb": {"runtime": 1004}}