{"Test/Acc": 0.7460815047021944, "epoch": 3, "_timestamp": 1674202654.618912, "_runtime": 343.3241720199585, "_step": 7, "Train/Loss": 0.40373140573501587, "_wandb": {"runtime": 373}}