{"Test/Acc": 0.7852664576802508, "epoch": 14, "_timestamp": 1674157882.149961, "_runtime": 1010.3355278968811, "_step": 29, "Train/Loss": 0.29662802815437317, "_wandb": {"runtime": 1009}}