{"Test/Acc": 0.7013333333333334, "epoch": 5, "_timestamp": 1679695856.7751548, "_runtime": 532.0839278697968, "_step": 11, "Train/Loss": 0.4085802435874939, "_wandb": {"runtime": 544}}