{"Test/Acc": 0.7413333333333333, "epoch": 92, "_timestamp": 1680446002.803023, "_runtime": 7565.628223180771, "_step": 185, "Train/Loss": 0.627555251121521, "_wandb": {"runtime": 7633}}