{"Test/Acc": 0.8605015673981191, "epoch": 127, "_timestamp": 1674210249.351295, "_runtime": 2610.518837928772, "_step": 255, "Train/Loss": 0.09981580078601837, "_wandb": {"runtime": 2633}}