{"Test/Acc": 0.8103448275862069, "epoch": 14, "_timestamp": 1674166470.597829, "_runtime": 1046.5124471187592, "_step": 29, "Train/Loss": 0.0869370773434639, "_wandb": {"runtime": 1046}}