{"Test/Acc": 0.6306666666666667, "epoch": 2, "_timestamp": 1680356352.381221, "_runtime": 344.73877906799316, "_step": 5, "Train/Loss": 1.0311778783798218}