{"Test/Acc": 0.7774294670846394, "epoch": 14, "_timestamp": 1674428761.667858, "_runtime": 740.1210279464722, "_step": 29, "Train/Loss": 1.575485348701477, "_wandb": {"runtime": 739}}