{"Test/Acc": 0.7133333333333334, "epoch": 14, "_timestamp": 1673305351.886451, "_runtime": 1603.0720279216766, "_step": 29, "Train/Loss": 0.0181227196007967, "_wandb": {"runtime": 1602}}