{"Test/Acc": 0.8510971786833855, "epoch": 14, "_timestamp": 1672750493.386115, "_runtime": 1510.4939861297607, "_step": 29, "Train/Loss": 0.07502605020999908, "_wandb": {"runtime": 1508}}