{"Test/Acc": 0.756, "epoch": 89, "_timestamp": 1680471191.046108, "_runtime": 7344.1797161102295, "_step": 179, "Train/Loss": 0.06178006902337074, "_wandb": {"runtime": 7345}}