{"Test/Acc": 0.8510971786833855, "epoch": 14, "_timestamp": 1673301307.807509, "_runtime": 1037.262058019638, "_step": 29, "Train/Loss": 0.07502605020999908, "_wandb": {"runtime": 1036}}