{"Test/Acc": 0.8667711598746082, "epoch": 119, "_timestamp": 1680461687.739168, "_runtime": 2211.3144869804382, "_step": 239, "Train/Loss": 0.02579752914607525, "_wandb": {"runtime": 2224}}