{"Test/Acc": 0.7774294670846394, "epoch": 1, "_timestamp": 1677659844.2659142, "_runtime": 72.77681112289429, "_step": 3, "Train/Loss": 0.9787827134132385, "_wandb": {"runtime": 81}}