{"Test/Acc": 0.6306666666666667, "epoch": 2, "_timestamp": 1679697208.832555, "_runtime": 241.1247079372406, "_step": 5, "Train/Loss": 1.0311778783798218, "_wandb": {"runtime": 257}}