{"Test/Acc": 0.6346666666666667, "epoch": 0, "_timestamp": 1680001642.7596228, "_runtime": 103.13761591911316, "_step": 1, "Train/Loss": 1.5719934701919556, "_wandb": {"runtime": 113}}