{"Train/Acc": 0.10022522522522523, "round": 1, "_timestamp": 1670681387.5549707, "_runtime": 104452.09983682632, "_step": 7, "Train/Loss": 2.3253963134770537, "Test/Acc": 0.10006009615384616, "Test/Loss": 2.325521087035155}