{"Train/Acc": 0.10000402187902188, "round": 0, "_timestamp": 1670627801.3647468, "_runtime": 50865.90961289406, "_step": 3, "Train/Loss": 2.3549003134669793, "Test/Acc": 0.09985977564102565, "Test/Loss": 2.3550758147851014}