{"Train/Acc": 0.4536063863928113, "round": 11, "_timestamp": 1670556588.8650012, "_runtime": 247374.67646312714, "_step": 47, "Train/Loss": 1.6195724078565261, "Test/Acc": 0.4775641025641026, "Test/Loss": 1.6854983048561292, "_wandb": {"runtime": 267775}}