{"Test/Acc": 0.8510971786833855, "epoch": 14, "_timestamp": 1672758406.9805472, "_runtime": 1233.5845892429352, "_step": 29, "Train/Loss": 0.07502605020999908, "_wandb": {"runtime": 1232}}