{"Test/Acc": 0.6346666666666667, "epoch": 0, "_timestamp": 1680390105.110518, "_runtime": 182.11066508293152, "_step": 1, "Train/Loss": 1.5719934701919556, "_wandb": {"runtime": 195}}