{"Test/Acc": 0.8040752351097179, "epoch": 14, "_timestamp": 1674462537.157336, "_runtime": 538.1634430885315, "_step": 29, "Train/Loss": 0.2518257200717926, "_wandb": {"runtime": 537}}