{"Test/Acc": 0.8510971786833855, "epoch": 14, "_timestamp": 1672759630.106721, "_runtime": 1189.0323078632355, "_step": 29, "Train/Loss": 0.07502605020999908, "_wandb": {"runtime": 1188}}