{"Test/Acc": 0.7013333333333334, "epoch": 5, "_timestamp": 1679700398.652382, "_runtime": 427.55662298202515, "_step": 11, "Train/Loss": 0.4085802435874939, "_wandb": {"runtime": 449}}