{"Test/Acc": 0.744, "epoch": 19, "_timestamp": 1673439839.6480918, "_runtime": 3219.794516801834, "_step": 39, "Train/Loss": 0.02669999748468399, "_wandb": {"runtime": 3219}}