{"Test/Acc": 0.9028213166144201, "epoch": 14, "_timestamp": 1676407339.015012, "_runtime": 641.6586999893188, "_step": 29, "Train/Loss": 0.02366609498858452, "_wandb": {"runtime": 640}}