{"Test/Acc": 0.76, "epoch": 14, "_timestamp": 1680000933.995522, "_runtime": 1224.8710670471191, "_step": 29, "Train/Loss": 0.3339829444885254, "_wandb": {"runtime": 1224}}