{"Test/Acc": 0.8103448275862069, "epoch": 14, "_timestamp": 1674164844.317184, "_runtime": 1023.015496969223, "_step": 29, "Train/Loss": 0.0869370773434639, "_wandb": {"runtime": 1022}}