{"Test/Acc": 0.8495297805642633, "epoch": 11, "_timestamp": 1679429327.525196, "_runtime": 296.23736596107483, "_step": 23, "Train/Loss": 0.2070080190896988, "_wandb": {"runtime": 303}}