{"Test/Acc": 0.612, "epoch": 1, "_timestamp": 1679695260.057096, "_runtime": 167.3621790409088, "_step": 3, "Train/Loss": 2.437485694885254, "_wandb": {"runtime": 174}}