{"Test/Acc": 0.612, "epoch": 1, "_timestamp": 1680438025.207079, "_runtime": 276.7081208229065, "_step": 3, "Train/Loss": 2.437485694885254, "_wandb": {"runtime": 314}}