{"Test/Acc": 0.8808777429467085, "epoch": 14, "_timestamp": 1674465029.335544, "_runtime": 431.1729600429535, "_step": 29, "Train/Loss": 0.10180015861988068, "_wandb": {"runtime": 430}}