{"Test/Acc": 0.8510971786833855, "epoch": 14, "_timestamp": 1674167708.3736, "_runtime": 1021.2829260826111, "_step": 29, "Train/Loss": 0.07502605020999908, "_wandb": {"runtime": 1020}}