{"Test/Acc": 0.696, "epoch": 4, "_timestamp": 1673355188.8845031, "_runtime": 451.9417781829834, "_step": 9, "Train/Loss": 0.4469919800758362, "_wandb": {"runtime": 451}}