{"Train/Acc": 0.09984314671814672, "round": 8, "_timestamp": 1672950262.04756, "_runtime": 129615.86945605278, "_step": 35, "Train/Loss": 2.3858841626954046, "Test/Acc": 0.10016025641025642, "Test/Loss": 2.3859918392621555, "_wandb": {"runtime": 137833}}