{"Test/Acc": 0.7293333333333333, "epoch": 14, "_timestamp": 1673350524.737879, "_runtime": 1109.4442510604858, "_step": 29, "Train/Loss": 0.11096211522817612, "_wandb": {"runtime": 1108}}