{"Test/Acc": 0.9028213166144201, "epoch": 14, "_timestamp": 1676404061.029154, "_runtime": 380.39375710487366, "_step": 29, "Train/Loss": 0.02366609498858452, "_wandb": {"runtime": 379}}