{"Test/Acc": 0.9028213166144201, "epoch": 14, "_timestamp": 1676403625.365738, "_runtime": 364.6393859386444, "_step": 29, "Train/Loss": 0.02366609498858452, "_wandb": {"runtime": 364}}