{"Test/Acc": 0.612, "epoch": 1, "_timestamp": 1680438356.624065, "_runtime": 274.10064697265625, "_step": 3, "Train/Loss": 2.437485694885254, "_wandb": {"runtime": 298}}