{"Test/Acc": 0.670846394984326, "epoch": 14, "_timestamp": 1674427427.089196, "_runtime": 466.22770595550537, "_step": 29, "Train/Loss": 0.08671928942203522, "_wandb": {"runtime": 465}}