{"Test/Acc": 0.896551724137931, "epoch": 14, "_timestamp": 1674169259.695575, "_runtime": 1038.8957180976868, "_step": 29, "Train/Loss": 0.06487440317869186, "_wandb": {"runtime": 1038}}