{"Test/Acc": 0.76, "epoch": 14, "_timestamp": 1680361153.916737, "_runtime": 1184.042468070984, "_step": 29, "Train/Loss": 0.3339829444885254, "_wandb": {"runtime": 1183}}