{"Test/Acc": 0.6306666666666667, "epoch": 2, "_timestamp": 1680359052.020759, "_runtime": 252.21720218658447, "_step": 5, "Train/Loss": 1.0311778783798218, "_wandb": {"runtime": 261}}