{"Test/Acc": 0.6506666666666666, "epoch": 1, "_timestamp": 1679706176.8192189, "_runtime": 4002.6504077911377, "_step": 3, "Train/Loss": 1.8026283979415894, "_wandb": {"runtime": 4107}}