{"Test/Acc": 0.8887147335423198, "epoch": 14, "_timestamp": 1674460286.504417, "_runtime": 176.64996194839478, "_step": 29, "Train/Loss": 0.08886118233203888, "_wandb": {"runtime": 175}}