{"Test/Acc": 0.7288401253918495, "epoch": 14, "_timestamp": 1674431947.228367, "_runtime": 373.06047105789185, "_step": 29, "Train/Loss": 0.06293609738349915, "_wandb": {"runtime": 372}}