{"Test/Acc": 0.724, "epoch": 18, "_timestamp": 1673439748.069972, "_runtime": 3128.233011007309, "_step": 37, "Train/Loss": 0.12086712568998337}