{"Test/Acc": 0.7293333333333333, "epoch": 14, "_timestamp": 1673354331.408921, "_runtime": 965.9603109359741, "_step": 29, "Train/Loss": 0.11096211522817612, "_wandb": {"runtime": 965}}