{"Test/Acc": 0.8510971786833855, "epoch": 14, "_timestamp": 1672754951.1230478, "_runtime": 1434.1038229465485, "_step": 29, "Train/Loss": 0.07502605020999908, "_wandb": {"runtime": 1432}}