{"Test/Acc": 0.5946666666666667, "epoch": 1, "_timestamp": 1679583490.957304, "_runtime": 293.8456609249115, "_step": 3, "Train/Loss": 1.1723285913467407, "_wandb": {"runtime": 440}}