{"Test/Acc": 0.9028213166144201, "epoch": 14, "_timestamp": 1676410238.2539158, "_runtime": 635.1248018741608, "_step": 29, "Train/Loss": 0.02366609498858452, "_wandb": {"runtime": 634}}