{"Test/Acc": 0.8025078369905956, "epoch": 14, "_timestamp": 1674150573.454564, "_runtime": 1138.6936841011047, "_step": 29, "Train/Loss": 0.5455811619758606, "_wandb": {"runtime": 1138}}