{"Test/Acc": 0.9028213166144201, "epoch": 14, "_timestamp": 1676408574.243912, "_runtime": 530.6110589504242, "_step": 29, "Train/Loss": 0.02366609498858452, "_wandb": {"runtime": 530}}