{"Test/Acc": 0.7460815047021944, "epoch": 3, "_timestamp": 1680682868.204659, "_runtime": 164.94959902763367, "_step": 7, "Train/Loss": 0.4285011887550354, "_wandb": {"runtime": 166}}