{"Test/Acc": 0.6733333333333333, "epoch": 4, "_timestamp": 1680358672.908909, "_runtime": 416.733726978302, "_step": 9, "Train/Loss": 0.975985586643219, "_wandb": {"runtime": 495}}