{"Test/Acc": 0.8918495297805643, "epoch": 14, "_timestamp": 1674154776.553282, "_runtime": 1041.0127761363983, "_step": 29, "Train/Loss": 0.327237069606781, "_wandb": {"runtime": 1040}}