{"Test/Acc": 0.6306666666666667, "epoch": 2, "_timestamp": 1679696813.141094, "_runtime": 249.1853449344635, "_step": 5, "Train/Loss": 1.0311778783798218, "_wandb": {"runtime": 303}}