{"Test/Acc": 0.8510971786833855, "epoch": 14, "_timestamp": 1672757132.721524, "_runtime": 1436.88485789299, "_step": 29, "Train/Loss": 0.07502605020999908, "_wandb": {"runtime": 1435}}