{"Test/Acc": 0.7066666666666667, "epoch": 9, "_timestamp": 1680355534.824522, "_runtime": 833.1605141162872, "_step": 19, "Train/Loss": 0.39159780740737915, "_wandb": {"runtime": 917}}