{"Test/Acc": 0.8510971786833855, "epoch": 14, "_timestamp": 1674160109.329907, "_runtime": 1048.3299448490143, "_step": 29, "Train/Loss": 0.1640719622373581, "_wandb": {"runtime": 1047}}