{"Test/Acc": 0.752, "epoch": 14, "_timestamp": 1680357802.550535, "_runtime": 1307.0100450515747, "_step": 29, "Train/Loss": 0.08706831187009811, "_wandb": {"runtime": 1306}}