{"Test/Acc": 0.6346666666666667, "epoch": 0, "_timestamp": 1679696080.175245, "_runtime": 107.57184195518494, "_step": 1, "Train/Loss": 1.5719934701919556, "_wandb": {"runtime": 174}}