{"Test/Acc": 0.76, "epoch": 14, "_timestamp": 1679698839.308863, "_runtime": 1021.3439450263977, "_step": 29, "Train/Loss": 0.3339829444885254, "_wandb": {"runtime": 1020}}