{"Test/Acc": 0.670846394984326, "epoch": 14, "_timestamp": 1674423053.6320372, "_runtime": 440.02962923049927, "_step": 29, "Train/Loss": 0.08671928942203522, "_wandb": {"runtime": 439}}