{"Train/Acc": 0.09970238095238096, "round": 2, "_timestamp": 1669580194.3360384, "_runtime": 47721.51985144615, "_step": 11, "Train/Loss": 2.358702246900384, "Test/Acc": 0.09985977564102565, "Test/Loss": 2.3586873519114957, "_wandb": {"runtime": 56293}}