{"Test/Acc": 0.8087774294670846, "epoch": 1, "_timestamp": 1676405983.525954, "_runtime": 76.47174310684204, "_step": 3, "Train/Loss": 0.38420310616493225, "_wandb": {"runtime": 77}}