{"Test/Acc": 0.5047021943573667, "epoch": 14, "_timestamp": 1674146871.525099, "_runtime": 1033.583692073822, "_step": 29, "Train/Loss": 10.43929386138916, "_wandb": {"runtime": 1033}}