{"Test/Acc": 0.8275862068965517, "epoch": 14, "_timestamp": 1674429266.04369, "_runtime": 379.038419008255, "_step": 29, "Train/Loss": 0.08452335000038147, "_wandb": {"runtime": 378}}