{"Train/Acc": 0.10000402187902188, "round": 0, "_timestamp": 1670636450.8627284, "_runtime": 58814.99144029617, "_step": 3, "Train/Loss": 2.3549003134669793, "Test/Acc": 0.09985977564102565, "Test/Loss": 2.3550758147851014}