{"Test/Acc": 0.841692789968652, "epoch": 14, "_timestamp": 1674170529.9729972, "_runtime": 1036.4335072040558, "_step": 29, "Train/Loss": 0.06310919672250748, "_wandb": {"runtime": 1033}}