{"Test/Acc": 0.6306666666666667, "epoch": 2, "_timestamp": 1680463699.002081, "_runtime": 231.10466384887695, "_step": 5, "Train/Loss": 1.0311778783798218, "_wandb": {"runtime": 262}}