{"Test/Acc": 0.3495297805642633, "epoch": 14, "_timestamp": 1674142597.3828638, "_runtime": 1061.095790863037, "_step": 29, "Train/Loss": 1.7438167333602905, "_wandb": {"runtime": 1060}}