{"Test/Acc": 0.9028213166144201, "epoch": 14, "_timestamp": 1674466844.527355, "_runtime": 627.897421836853, "_step": 29, "Train/Loss": 0.02366609498858452, "_wandb": {"runtime": 627}}