{"Test/Acc": 0.8636363636363636, "epoch": 14, "_timestamp": 1679429916.4574862, "_runtime": 333.86866426467896, "_step": 29, "Train/Loss": 0.1513177901506424, "_wandb": {"runtime": 333}}