{"Test/Acc": 0.9028213166144201, "epoch": 14, "_timestamp": 1676410895.865026, "_runtime": 633.9357841014862, "_step": 29, "Train/Loss": 0.02366609498858452, "_wandb": {"runtime": 633}}