{"Train/Acc": 0.09978281853281853, "round": 0, "_timestamp": 1666036462.099019, "_runtime": 4388.151116132736, "_step": 3, "Train/Loss": 2.347575334355024, "Test/Acc": 0.09985977564102565, "Test/Loss": 2.347591531582368}