{"Test/Acc": 0.8526645768025078, "epoch": 14, "_timestamp": 1674422584.50077, "_runtime": 360.05482006073, "_step": 29, "Train/Loss": 0.22456566989421844, "_wandb": {"runtime": 359}}