{"Test/Acc": 0.6959247648902821, "epoch": 14, "_timestamp": 1674145689.633766, "_runtime": 1040.6774339675903, "_step": 29, "Train/Loss": 8.959114074707031, "_wandb": {"runtime": 1040}}