{"Test/Acc": 0.752, "epoch": 90, "_timestamp": 1680455556.472716, "_runtime": 6702.562241077423, "_step": 181, "Train/Loss": 0.012612450867891312, "_wandb": {"runtime": 6761}}