{"Test/Acc": 0.8730407523510971, "epoch": 14, "_timestamp": 1674465985.051091, "_runtime": 588.7859499454498, "_step": 29, "Train/Loss": 0.18670521676540375, "_wandb": {"runtime": 588}}