{"Test/Acc": 0.744, "epoch": 19, "_timestamp": 1673357765.696357, "_runtime": 2423.2615880966187, "_step": 39, "Train/Loss": 0.02669999748468399, "_wandb": {"runtime": 2422}}