{"Test/Acc": 0.46551724137931033, "epoch": 14, "_timestamp": 1674148837.5042439, "_runtime": 1143.5519847869873, "_step": 29, "Train/Loss": 1.1124348640441895, "_wandb": {"runtime": 1143}}