{"Test/Acc": 0.612, "epoch": 1, "_timestamp": 1680354481.507046, "_runtime": 190.56902408599854, "_step": 3, "Train/Loss": 2.437485694885254, "_wandb": {"runtime": 234}}